{"00": [0.2918047200764983, 25.588594493351412, 1.9437605873616657], "01": [0.2918047200764983, 25.588594493351412, 1.9437605873616657], "02": [0.2918047200764983, 25.588594493351412, 1.9437605873616657], "03": [0.27290342681156904, 25.59803073413705, 1.9277140994845723], "04": [0.333504740587272, 25.595203891691362, 1.9244214529090113], "05": [0.333504740587272, 25.595203891691362, 1.9244214529090113], "06": [0.333504740587272, 25.595203891691362, 1.9244214529090113], "07": [0.333504740587272, 25.595203891691362, 1.9244214529090113], "08": [0.333504740587272, 25.595203891691362, 1.9244214529090113], "09": [0.333504740587272, 25.595203891691362, 1.9244214529090113], "10": [0.333504740587272, 25.595203891691362, 1.9244214529090113], "11": [0.333504740587272, 25.595203891691362, 1.9244214529090113], "12": [0.333504740587272, 25.595203891691362, 1.9244214529090113], "13": [0.2918047200764983, 25.588594493351412, 1.9437605873616657], "14": [0.2918047200764983, 25.588594493351412, 1.9437605873616657], "15": [0.2918047200764983, 25.588594493351412, 1.9437605873616657], "16": [0.2918047200764983, 25.588594493351412, 1.9437605873616657], "17": [0.2918047200764983, 25.588594493351412, 1.9437605873616657], "18": [0.2918047200764983, 25.588594493351412, 1.9437605873616657], "19": [0.2918047200764983, 25.588594493351412, 1.9437605873616657], "20": [0.2918047200764983, 25.588594493351412, 1.9437605873616657], "21": [0.2918047200764983, 25.588594493351412, 1.9437605873616657]}